Open Time,Open,High,Low,Close,Volume
2024-10-01 00:00:00,63327.60000000,63606.00000000,63006.70000000,63531.99000000,1336.93335000
2024-10-01 01:00:00,63532.00000000,63639.86000000,63370.01000000,63458.00000000,1004.08763000
2024-10-01 02:00:00,63458.00000000,63458.00000000,63180.00000000,63443.76000000,716.11822000
2024-10-01 03:00:00,63443.76000000,63744.00000000,63430.00000000,63723.48000000,822.21265000
2024-10-01 04:00:00,63723.47000000,63879.81000000,63652.06000000,63868.94000000,778.75286000
2024-10-01 05:00:00,63868.93000000,63899.99000000,63674.49000000,63749.99000000,816.29206000
2024-10-01 06:00:00,63750.00000000,64097.03000000,63750.00000000,64033.98000000,778.17242000
2024-10-01 07:00:00,64033.99000000,64130.63000000,63920.00000000,64045.92000000,1142.17634000
2024-10-01 08:00:00,64045.92000000,64096.00000000,63839.00000000,63956.00000000,974.16370000
2024-10-01 09:00:00,63955.99000000,64118.00000000,63864.46000000,63864.46000000,1152.06750000
2024-10-01 10:00:00,63864.47000000,63942.00000000,63707.89000000,63910.12000000,603.43982000
2024-10-01 11:00:00,63910.11000000,63989.58000000,63723.40000000,63734.00000000,500.67520000
2024-10-01 12:00:00,63734.01000000,63809.97000000,63559.63000000,63668.21000000,535.43878000
2024-10-01 13:00:00,63668.21000000,63688.00000000,62522.00000000,62866.80000000,3512.99790000
2024-10-01 14:00:00,62866.80000000,63084.00000000,62448.01000000,62598.00000000,3649.61853000
2024-10-01 15:00:00,62598.00000000,62821.76000000,61814.01000000,62628.85000000,4931.80431000
2024-10-01 16:00:00,62628.85000000,62778.73000000,61906.04000000,62448.00000000,3426.50410000
2024-10-01 17:00:00,62448.00000000,62448.00000000,61092.00000000,62151.99000000,5545.71241000
2024-10-01 18:00:00,62152.00000000,62440.00000000,61859.57000000,61987.99000000,1708.27737000
2024-10-01 19:00:00,61987.98000000,62091.29000000,61610.71000000,61755.99000000,1598.40777000
2024-10-01 20:00:00,61755.99000000,61760.74000000,60164.00000000,60809.02000000,4855.59431000
2024-10-01 21:00:00,60809.03000000,61214.73000000,60656.77000000,61142.01000000,1253.06187000
2024-10-01 22:00:00,61142.00000000,61142.01000000,60630.01000000,60767.99000000,1093.23745000
2024-10-01 23:00:00,60768.00000000,61033.71000000,60652.00000000,60805.78000000,935.73453000
2024-10-02 00:00:00,60804.92000000,61208.49000000,60733.81000000,61046.26000000,1228.11528000
2024-10-02 01:00:00,61046.27000000,61536.16000000,61000.00000000,61522.89000000,941.08845000
2024-10-02 02:00:00,61522.89000000,61822.62000000,61433.49000000,61782.89000000,1174.69646000
2024-10-02 03:00:00,61782.89000000,61883.00000000,61662.65000000,61750.47000000,944.98223000
2024-10-02 04:00:00,61750.46000000,61750.47000000,61440.00000000,61495.79000000,704.31237000
2024-10-02 05:00:00,61495.78000000,61609.30000000,61350.00000000,61489.71000000,661.76897000
2024-10-02 06:00:00,61489.71000000,61788.40000000,61359.90000000,61700.01000000,760.10641000
2024-10-02 07:00:00,61700.01000000,61940.00000000,61588.78000000,61727.40000000,698.17476000
2024-10-02 08:00:00,61727.39000000,61914.34000000,61603.49000000,61806.01000000,535.23837000
2024-10-02 09:00:00,61806.01000000,61817.76000000,61130.00000000,61271.25000000,1082.07393000
2024-10-02 10:00:00,61271.24000000,61555.00000000,61151.04000000,61188.28000000,1005.99847000
2024-10-02 11:00:00,61188.27000000,61380.00000000,60888.88000000,61164.01000000,1204.28505000
2024-10-02 12:00:00,61164.01000000,61220.00000000,60696.40000000,60798.80000000,1274.80586000
2024-10-02 13:00:00,60798.80000000,61460.00000000,60524.21000000,61350.00000000,2508.38932000
2024-10-02 14:00:00,61350.00000000,61672.00000000,61047.16000000,61077.78000000,2267.56057000
2024-10-02 15:00:00,61077.77000000,61926.90000000,61059.90000000,61874.01000000,1514.52104000
2024-10-02 16:00:00,61874.01000000,62390.31000000,61779.87000000,61800.00000000,1555.81954000
2024-10-02 17:00:00,61800.01000000,61835.99000000,61242.00000000,61628.01000000,1115.92104000
2024-10-02 18:00:00,61628.01000000,61691.00000000,60762.09000000,60762.09000000,1403.72059000
2024-10-02 19:00:00,60762.10000000,60926.00000000,60000.00000000,60190.01000000,3854.05654000
2024-10-02 20:00:00,60190.01000000,60999.24000000,60128.00000000,60924.00000000,3301.59077000
2024-10-02 21:00:00,60923.99000000,60952.00000000,60656.00000000,60831.99000000,607.84007000
2024-10-02 22:00:00,60832.00000000,60851.75000000,60438.00000000,60851.74000000,678.65953000
2024-10-02 23:00:00,60851.74000000,60869.56000000,60622.00000000,60649.28000000,510.97556000
2024-10-03 00:00:00,60649.27000000,61105.00000000,60536.00000000,60988.01000000,1646.41886000
2024-10-03 01:00:00,60988.01000000,61183.76000000,60919.90000000,61024.00000000,834.87326000
2024-10-03 02:00:00,61024.00000000,61274.00000000,60987.00000000,61185.17000000,502.78816000
2024-10-03 03:00:00,61185.18000000,61464.00000000,61092.00000000,61463.99000000,673.23178000
2024-10-03 04:00:00,61464.00000000,61477.19000000,61276.31000000,61326.00000000,571.45959000
2024-10-03 05:00:00,61326.00000000,61360.00000000,61100.00000000,61176.01000000,702.22305000
2024-10-03 06:00:00,61176.00000000,61418.42000000,61106.01000000,61334.01000000,618.19443000
2024-10-03 07:00:00,61334.00000000,61424.25000000,60814.12000000,60926.00000000,1459.32009000
2024-10-03 08:00:00,60926.00000000,60978.00000000,60138.00000000,60354.00000000,1805.58584000
2024-10-03 09:00:00,60354.00000000,60765.33000000,60126.56000000,60720.48000000,984.32204000
2024-10-03 10:00:00,60720.48000000,61036.00000000,60648.00000000,61025.98000000,738.07634000
2024-10-03 11:00:00,61025.98000000,61070.47000000,60594.00000000,60764.74000000,879.13477000
2024-10-03 12:00:00,60764.73000000,60770.00000000,60372.12000000,60469.95000000,1231.76196000
2024-10-03 13:00:00,60469.95000000,60583.99000000,59828.11000000,60382.05000000,2876.59550000
2024-10-03 14:00:00,60382.06000000,60900.00000000,60100.00000000,60172.01000000,2862.27532000
2024-10-03 15:00:00,60172.01000000,60690.00000000,60044.00000000,60641.50000000,1601.39415000
2024-10-03 16:00:00,60641.50000000,60781.53000000,60084.00000000,60168.00000000,1306.79294000
2024-10-03 17:00:00,60167.99000000,60723.68000000,59917.02000000,60632.00000000,1556.13418000
2024-10-03 18:00:00,60632.00000000,60858.31000000,60531.85000000,60722.31000000,684.53507000
2024-10-03 19:00:00,60722.31000000,61058.00000000,60544.33000000,61036.00000000,861.39195000
2024-10-03 20:00:00,61036.00000000,61100.00000000,60668.00000000,60773.99000000,610.81892000
2024-10-03 21:00:00,60774.00000000,60950.00000000,60596.40000000,60807.13000000,437.80348000
2024-10-03 22:00:00,60807.13000000,60978.26000000,60714.00000000,60895.27000000,420.20059000
2024-10-03 23:00:00,60895.27000000,60984.00000000,60700.49000000,60752.71000000,356.10245000
2024-10-04 00:00:00,60752.72000000,60812.00000000,60459.90000000,60504.01000000,660.07721000
2024-10-04 01:00:00,60504.01000000,61256.47000000,60488.00000000,61218.00000000,1068.07006000
2024-10-04 02:00:00,61218.00000000,61272.73000000,60939.75000000,61036.14000000,410.02036000
2024-10-04 03:00:00,61036.15000000,61065.36000000,60890.00000000,60951.99000000,235.42925000
2024-10-04 04:00:00,60951.99000000,61200.00000000,60936.66000000,61001.44000000,423.24552000
2024-10-04 05:00:00,61001.45000000,61238.00000000,60982.70000000,61224.34000000,365.05248000
2024-10-04 06:00:00,61224.34000000,61343.75000000,61100.00000000,61119.99000000,575.69204000
2024-10-04 07:00:00,61120.00000000,61544.98000000,61068.00000000,61443.64000000,1090.01477000
2024-10-04 08:00:00,61443.64000000,61646.27000000,61340.22000000,61449.73000000,807.34468000
2024-10-04 09:00:00,61449.73000000,61586.00000000,61302.42000000,61339.43000000,582.64883000
2024-10-04 10:00:00,61339.43000000,61432.64000000,61266.42000000,61284.01000000,367.21188000
2024-10-04 11:00:00,61284.01000000,61483.02000000,61274.00000000,61449.84000000,586.46012000
2024-10-04 12:00:00,61449.84000000,61936.00000000,61211.92000000,61932.24000000,2563.17863000
2024-10-04 13:00:00,61932.24000000,62004.48000000,61488.10000000,61580.02000000,2047.98501000
2024-10-04 14:00:00,61580.02000000,61584.00000000,60753.97000000,61239.99000000,2316.23481000
2024-10-04 15:00:00,61240.00000000,61873.04000000,61224.00000000,61873.04000000,1573.58655000
2024-10-04 16:00:00,61873.05000000,62294.87000000,61644.01000000,62244.00000000,1683.63251000
2024-10-04 17:00:00,62243.99000000,62340.00000000,61843.00000000,61983.32000000,909.37617000
2024-10-04 18:00:00,61983.32000000,62360.00000000,61909.09000000,62345.00000000,616.86040000
2024-10-04 19:00:00,62344.99000000,62468.00000000,62254.37000000,62368.00000000,821.27586000
2024-10-04 20:00:00,62368.00000000,62484.85000000,62171.33000000,62407.69000000,523.80906000
2024-10-04 21:00:00,62407.70000000,62463.54000000,62274.45000000,62274.45000000,263.95326000
2024-10-04 22:00:00,62274.46000000,62350.00000000,62193.18000000,62213.14000000,404.20202000
2024-10-04 23:00:00,62213.15000000,62213.15000000,61965.14000000,62086.00000000,399.29846000
2024-10-05 00:00:00,62086.00000000,62214.00000000,62045.97000000,62170.00000000,435.38431000
2024-10-05 01:00:00,62170.00000000,62200.00000000,61990.01000000,62069.99000000,323.64591000
2024-10-05 02:00:00,62069.99000000,62070.00000000,61794.62000000,61812.00000000,332.21680000
2024-10-05 03:00:00,61812.01000000,61971.93000000,61689.26000000,61861.99000000,399.56844000
2024-10-05 04:00:00,61861.99000000,62020.00000000,61824.01000000,61950.01000000,226.26091000
2024-10-05 05:00:00,61950.01000000,62157.14000000,61944.01000000,62149.47000000,264.66328000
2024-10-05 06:00:00,62149.48000000,62246.11000000,62076.19000000,62224.00000000,302.03997000
2024-10-05 07:00:00,62224.00000000,62268.28000000,62076.19000000,62076.19000000,259.63293000
2024-10-05 08:00:00,62076.20000000,62198.87000000,62076.19000000,62151.52000000,287.51516000
2024-10-05 09:00:00,62151.52000000,62326.48000000,62146.16000000,62252.00000000,906.59633000
2024-10-05 10:00:00,62252.01000000,62269.13000000,62202.53000000,62213.84000000,167.45379000
2024-10-05 11:00:00,62213.85000000,62233.09000000,62169.53000000,62180.00000000,161.27568000
2024-10-05 12:00:00,62179.99000000,62304.00000000,62179.99000000,62302.03000000,230.69463000
2024-10-05 13:00:00,62302.02000000,62370.56000000,62100.00000000,62153.35000000,469.51747000
2024-10-05 14:00:00,62153.35000000,62239.09000000,62100.07000000,62196.01000000,391.87120000
2024-10-05 15:00:00,62196.00000000,62220.00000000,62119.20000000,62167.66000000,225.57254000
2024-10-05 16:00:00,62167.65000000,62180.00000000,61958.39000000,61958.39000000,558.60491000
2024-10-05 17:00:00,61958.40000000,62030.00000000,61908.00000000,62016.01000000,222.18350000
2024-10-05 18:00:00,62016.01000000,62050.00000000,61840.01000000,61864.00000000,274.26427000
2024-10-05 19:00:00,61864.00000000,61900.00000000,61790.00000000,61848.48000000,353.76316000
2024-10-05 20:00:00,61848.48000000,61848.49000000,61700.00000000,61723.38000000,359.51629000
2024-10-05 21:00:00,61723.39000000,61939.40000000,61706.00000000,61857.64000000,250.49320000
2024-10-05 22:00:00,61857.65000000,62089.99000000,61850.29000000,62039.52000000,231.51808000
2024-10-05 23:00:00,62039.52000000,62100.00000000,61980.33000000,62058.00000000,173.20865000
2024-10-06 00:00:00,62058.01000000,62088.17000000,61888.46000000,61920.00000000,191.30107000
2024-10-06 01:00:00,61919.99000000,62150.00000000,61919.99000000,62081.01000000,247.54462000
2024-10-06 02:00:00,62081.01000000,62115.99000000,61940.11000000,61966.01000000,199.51399000
2024-10-06 03:00:00,61966.01000000,62020.00000000,61876.00000000,61878.66000000,244.29144000
2024-10-06 04:00:00,61878.66000000,61966.25000000,61798.97000000,61878.03000000,273.75210000
2024-10-06 05:00:00,61878.03000000,61974.69000000,61845.07000000,61938.51000000,150.78816000
2024-10-06 06:00:00,61938.51000000,62010.00000000,61879.92000000,61961.99000000,390.35484000
2024-10-06 07:00:00,61962.00000000,62001.99000000,61948.02000000,61949.01000000,92.16551000
2024-10-06 08:00:00,61949.01000000,62070.00000000,61922.00000000,61989.81000000,243.41255000
2024-10-06 09:00:00,61989.81000000,62176.75000000,61976.52000000,62066.38000000,280.81292000
2024-10-06 10:00:00,62066.38000000,62079.00000000,62006.55000000,62023.83000000,218.64231000
2024-10-06 11:00:00,62023.84000000,62145.00000000,62012.00000000,62101.92000000,193.91457000
2024-10-06 12:00:00,62101.92000000,62230.00000000,62065.31000000,62222.00000000,499.05718000
2024-10-06 13:00:00,62221.99000000,62371.05000000,62221.99000000,62257.73000000,684.22241000
2024-10-06 14:00:00,62257.73000000,62777.00000000,62196.00000000,62715.99000000,968.70462000
2024-10-06 15:00:00,62716.00000000,62766.22000000,62444.00000000,62720.01000000,911.02124000
2024-10-06 16:00:00,62720.01000000,62927.87000000,62597.50000000,62602.00000000,709.17287000
2024-10-06 17:00:00,62602.01000000,62760.01000000,62550.00000000,62591.20000000,364.35832000
2024-10-06 18:00:00,62591.20000000,62765.00000000,62590.91000000,62718.36000000,250.01336000
2024-10-06 19:00:00,62718.37000000,62975.00000000,62590.00000000,62631.38000000,358.18016000
2024-10-06 20:00:00,62631.38000000,62753.86000000,62585.00000000,62620.62000000,219.43399000
2024-10-06 21:00:00,62620.62000000,62658.23000000,62302.00000000,62303.03000000,433.39775000
2024-10-06 22:00:00,62303.04000000,62624.03000000,62303.03000000,62618.85000000,231.96477000
2024-10-06 23:00:00,62618.84000000,62912.33000000,62618.84000000,62819.91000000,550.84102000
2024-10-07 00:00:00,62819.91000000,63718.84000000,62657.44000000,63677.98000000,1704.33510000
2024-10-07 01:00:00,63677.98000000,63970.19000000,63660.00000000,63819.00000000,1335.96920000
2024-10-07 02:00:00,63819.00000000,63948.46000000,63597.22000000,63637.29000000,773.41171000
2024-10-07 03:00:00,63637.29000000,63769.84000000,63345.97000000,63530.51000000,642.28798000
2024-10-07 04:00:00,63530.51000000,63670.00000000,63462.88000000,63466.66000000,309.55226000
2024-10-07 05:00:00,63466.67000000,63628.00000000,63300.48000000,63380.01000000,485.61573000
2024-10-07 06:00:00,63380.00000000,63753.91000000,63312.00000000,63706.00000000,653.60056000
2024-10-07 07:00:00,63705.99000000,63710.56000000,63452.01000000,63531.99000000,666.26925000
2024-10-07 08:00:00,63532.00000000,63706.00000000,63520.00000000,63554.62000000,529.85189000
2024-10-07 09:00:00,63554.62000000,63554.63000000,63088.00000000,63210.83000000,1154.64233000
2024-10-07 10:00:00,63210.82000000,63222.00000000,62865.09000000,62891.48000000,1095.22985000
2024-10-07 11:00:00,62891.49000000,63179.99000000,62649.95000000,63135.44000000,1677.47151000
2024-10-07 12:00:00,63135.45000000,63135.45000000,62834.03000000,62883.33000000,724.06922000
2024-10-07 13:00:00,62883.32000000,63566.67000000,62825.37000000,63457.36000000,1393.04464000
2024-10-07 14:00:00,63457.37000000,64478.19000000,63457.37000000,63991.89000000,3989.25639000
2024-10-07 15:00:00,63991.89000000,63995.00000000,63525.00000000,63651.60000000,1496.13836000
2024-10-07 16:00:00,63651.59000000,63874.65000000,63427.96000000,63819.90000000,793.57942000
2024-10-07 17:00:00,63819.91000000,63906.57000000,63519.99000000,63819.99000000,751.04511000
2024-10-07 18:00:00,63820.00000000,63822.49000000,62735.90000000,62848.00000000,1494.26538000
2024-10-07 19:00:00,62848.00000000,63468.72000000,62848.00000000,63382.00000000,1055.60592000
2024-10-07 20:00:00,63381.99000000,63410.00000000,62984.29000000,63020.00000000,457.18377000
2024-10-07 21:00:00,63020.00000000,63374.00000000,63002.29000000,63373.99000000,399.72130000
2024-10-07 22:00:00,63373.99000000,63374.00000000,62419.90000000,62471.08000000,1024.37163000
2024-10-07 23:00:00,62471.08000000,62665.83000000,62128.00000000,62224.00000000,1359.66669000
2024-10-08 00:00:00,62224.01000000,62585.06000000,62156.02000000,62552.98000000,795.16170000
2024-10-08 01:00:00,62552.98000000,62737.84000000,62312.00000000,62630.01000000,699.78371000
2024-10-08 02:00:00,62630.01000000,62789.65000000,62419.90000000,62785.78000000,790.25190000
2024-10-08 03:00:00,62785.79000000,62820.00000000,62522.61000000,62629.80000000,473.99204000
2024-10-08 04:00:00,62629.80000000,62778.04000000,62533.56000000,62694.90000000,567.31828000
2024-10-08 05:00:00,62694.90000000,62723.69000000,62305.78000000,62517.35000000,719.31657000
2024-10-08 06:00:00,62517.35000000,62531.52000000,62200.00000000,62509.42000000,580.02424000
2024-10-08 07:00:00,62509.42000000,62509.42000000,62005.00000000,62319.99000000,722.21187000
2024-10-08 08:00:00,62319.99000000,62439.32000000,62193.63000000,62409.46000000,824.81768000
2024-10-08 09:00:00,62409.46000000,62590.00000000,62301.14000000,62537.38000000,524.50951000
2024-10-08 10:00:00,62537.37000000,62589.86000000,62410.82000000,62519.78000000,406.80723000
2024-10-08 11:00:00,62519.77000000,62670.16000000,62471.24000000,62624.01000000,484.82065000
2024-10-08 12:00:00,62624.02000000,62670.00000000,62427.15000000,62440.00000000,463.54487000
2024-10-08 13:00:00,62440.01000000,63058.43000000,62326.52000000,63035.27000000,1568.71636000
2024-10-08 14:00:00,63035.27000000,63200.00000000,62157.46000000,62778.00000000,2396.82105000
2024-10-08 15:00:00,62778.00000000,62850.24000000,61864.89000000,62288.01000000,2548.14024000
2024-10-08 16:00:00,62288.01000000,62598.00000000,62023.42000000,62570.00000000,889.56934000
2024-10-08 17:00:00,62569.99000000,62570.00000000,62071.31000000,62393.94000000,716.71801000
2024-10-08 18:00:00,62393.94000000,62534.00000000,61930.34000000,62110.72000000,928.34993000
2024-10-08 19:00:00,62110.71000000,62350.00000000,61860.31000000,62245.53000000,1051.14599000
2024-10-08 20:00:00,62245.99000000,62400.02000000,62147.39000000,62400.02000000,411.43606000
2024-10-08 21:00:00,62400.02000000,62565.95000000,62320.00000000,62443.74000000,354.90699000
2024-10-08 22:00:00,62443.75000000,62453.14000000,62159.90000000,62175.01000000,390.36179000
2024-10-08 23:00:00,62175.01000000,62281.21000000,62026.13000000,62160.49000000,393.49770000
2024-10-09 00:00:00,62160.50000000,62266.00000000,62002.50000000,62154.00000000,696.00437000
2024-10-09 01:00:00,62154.00000000,62494.00000000,62108.00000000,62414.55000000,719.19866000
2024-10-09 02:00:00,62414.55000000,62420.01000000,62264.00000000,62264.01000000,298.93255000
2024-10-09 03:00:00,62264.00000000,62460.00000000,62150.09000000,62394.07000000,504.43621000
2024-10-09 04:00:00,62394.07000000,62433.37000000,62300.00000000,62347.78000000,438.36498000
2024-10-09 05:00:00,62347.78000000,62542.06000000,62347.78000000,62524.09000000,698.96105000
2024-10-09 06:00:00,62524.09000000,62543.75000000,62380.00000000,62430.00000000,411.04474000
2024-10-09 07:00:00,62430.00000000,62430.00000000,62200.00000000,62276.78000000,493.56012000
2024-10-09 08:00:00,62276.79000000,62287.07000000,62046.69000000,62149.99000000,599.01755000
2024-10-09 09:00:00,62150.00000000,62275.37000000,62102.00000000,62264.02000000,392.90440000
2024-10-09 10:00:00,62264.02000000,62264.02000000,62051.27000000,62150.00000000,428.36988000
2024-10-09 11:00:00,62149.99000000,62231.12000000,62104.35000000,62200.00000000,298.13635000
2024-10-09 12:00:00,62199.99000000,62225.99000000,61766.00000000,61980.00000000,1296.22422000
2024-10-09 13:00:00,61980.00000000,62094.77000000,61750.00000000,61800.99000000,1341.96135000
2024-10-09 14:00:00,61801.00000000,62028.00000000,61634.61000000,61872.99000000,1156.05584000
2024-10-09 15:00:00,61872.99000000,62412.09000000,61780.00000000,62316.00000000,1435.35966000
2024-10-09 16:00:00,62316.00000000,62350.00000000,61686.00000000,61814.01000000,1304.67493000
2024-10-09 17:00:00,61814.01000000,61906.28000000,61666.98000000,61748.00000000,634.04881000
2024-10-09 18:00:00,61748.00000000,61818.19000000,61150.00000000,61196.01000000,1600.85322000
2024-10-09 19:00:00,61196.00000000,61218.00000000,60835.00000000,61031.98000000,1531.82306000
2024-10-09 20:00:00,61031.99000000,61122.53000000,60301.00000000,60420.01000000,1843.13319000
2024-10-09 21:00:00,60420.01000000,60958.00000000,60362.01000000,60902.01000000,921.66159000
2024-10-09 22:00:00,60902.01000000,60915.66000000,60699.90000000,60798.01000000,448.46829000
2024-10-09 23:00:00,60798.01000000,60829.88000000,60610.00000000,60636.02000000,517.96182000
2024-10-10 00:00:00,60636.01000000,60693.50000000,60355.00000000,60437.61000000,1064.58671000
2024-10-10 01:00:00,60437.61000000,60860.87000000,60435.73000000,60803.02000000,706.81361000
2024-10-10 02:00:00,60803.01000000,60937.99000000,60708.07000000,60882.08000000,579.73713000
2024-10-10 03:00:00,60882.08000000,60956.00000000,60821.06000000,60865.29000000,376.43901000
2024-10-10 04:00:00,60865.29000000,60957.41000000,60814.90000000,60865.90000000,279.67137000
2024-10-10 05:00:00,60865.89000000,61052.00000000,60842.09000000,60941.48000000,381.79627000
2024-10-10 06:00:00,60941.48000000,61149.58000000,60892.29000000,61143.85000000,566.90796000
2024-10-10 07:00:00,61143.86000000,61145.99000000,60900.00000000,60900.00000000,398.99964000
2024-10-10 08:00:00,60900.01000000,61073.42000000,60784.75000000,60815.70000000,595.18801000
2024-10-10 09:00:00,60815.71000000,60988.92000000,60630.71000000,60935.15000000,908.49779000
2024-10-10 10:00:00,60935.14000000,61211.99000000,60932.69000000,61075.56000000,473.81685000
2024-10-10 11:00:00,61075.56000000,61321.68000000,61052.00000000,61262.00000000,582.16912000
2024-10-10 12:00:00,61262.01000000,61320.00000000,60752.04000000,60962.00000000,1487.32919000
2024-10-10 13:00:00,60962.01000000,61254.00000000,60617.05000000,60940.01000000,1121.40668000
2024-10-10 14:00:00,60940.01000000,61055.99000000,60513.44000000,60593.95000000,1109.62787000
2024-10-10 15:00:00,60593.95000000,60814.98000000,60444.99000000,60789.36000000,1509.54800000
2024-10-10 16:00:00,60789.36000000,61030.31000000,60255.36000000,60298.12000000,1239.94022000
2024-10-10 17:00:00,60298.12000000,60460.00000000,59561.51000000,59611.01000000,2434.69214000
2024-10-10 18:00:00,59611.00000000,59611.01000000,58946.00000000,59502.01000000,3644.40509000
2024-10-10 19:00:00,59502.00000000,59761.00000000,59360.00000000,59727.28000000,1198.92032000
2024-10-10 20:00:00,59727.27000000,60026.08000000,59586.29000000,59799.83000000,1105.03452000
2024-10-10 21:00:00,59799.83000000,60198.78000000,59692.79000000,60198.77000000,969.22291000
2024-10-10 22:00:00,60198.78000000,60250.00000000,59945.62000000,60148.01000000,752.21843000
2024-10-10 23:00:00,60148.00000000,60329.27000000,60148.00000000,60326.39000000,480.95597000
2024-10-11 00:00:00,60326.40000000,60360.00000000,60151.23000000,60194.01000000,709.69559000
2024-10-11 01:00:00,60194.01000000,60768.64000000,60087.64000000,60578.55000000,903.56723000
2024-10-11 02:00:00,60578.55000000,60649.99000000,60362.30000000,60553.31000000,432.09823000
2024-10-11 03:00:00,60553.32000000,60710.21000000,60553.31000000,60614.00000000,369.81958000
2024-10-11 04:00:00,60614.01000000,60720.03000000,60578.00000000,60699.99000000,320.68003000
2024-10-11 05:00:00,60699.99000000,60770.00000000,60588.23000000,60600.00000000,350.72883000
2024-10-11 06:00:00,60600.01000000,60925.16000000,60600.00000000,60800.00000000,557.93131000
2024-10-11 07:00:00,60800.01000000,60919.83000000,60656.00000000,60674.69000000,804.72065000
2024-10-11 08:00:00,60674.68000000,60810.89000000,60650.44000000,60669.39000000,404.79120000
2024-10-11 09:00:00,60669.39000000,61118.19000000,60654.05000000,61086.00000000,903.88588000
2024-10-11 10:00:00,61086.00000000,61263.40000000,61002.49000000,61160.00000000,994.23585000
2024-10-11 11:00:00,61160.01000000,61260.00000000,61079.90000000,61174.87000000,452.07523000
2024-10-11 12:00:00,61174.88000000,61477.57000000,61129.72000000,61379.00000000,1031.16609000
2024-10-11 13:00:00,61379.01000000,61848.00000000,61206.15000000,61676.00000000,1576.49136000
2024-10-11 14:00:00,61675.99000000,61950.00000000,61634.41000000,61753.65000000,2246.32837000
2024-10-11 15:00:00,61753.65000000,62450.00000000,61753.65000000,62259.05000000,2053.88774000
2024-10-11 16:00:00,62259.04000000,62438.64000000,62123.00000000,62272.00000000,1576.08866000
2024-10-11 17:00:00,62272.01000000,62934.80000000,62166.02000000,62918.00000000,1730.53186000
2024-10-11 18:00:00,62918.00000000,62973.47000000,62714.00000000,62922.08000000,790.45713000
2024-10-11 19:00:00,62922.07000000,63417.56000000,62819.47000000,63086.01000000,2353.79665000
2024-10-11 20:00:00,63086.00000000,63087.50000000,62924.00000000,62993.68000000,625.88299000
2024-10-11 21:00:00,62993.68000000,63160.00000000,62796.19000000,62848.48000000,1016.19852000
2024-10-11 22:00:00,62848.48000000,62910.00000000,62374.13000000,62450.27000000,822.93768000
2024-10-11 23:00:00,62450.27000000,62666.67000000,62357.70000000,62540.00000000,613.35543000
2024-10-12 00:00:00,62539.99000000,62930.00000000,62500.00000000,62840.00000000,757.11212000
2024-10-12 01:00:00,62840.01000000,63073.78000000,62684.67000000,62733.67000000,876.84838000
2024-10-12 02:00:00,62733.67000000,62757.58000000,62505.64000000,62554.97000000,404.88126000
2024-10-12 03:00:00,62554.98000000,62636.00000000,62487.23000000,62568.00000000,472.10486000
2024-10-12 04:00:00,62568.00000000,62746.00000000,62565.51000000,62583.58000000,477.93544000
2024-10-12 05:00:00,62583.58000000,62800.00000000,62579.00000000,62778.01000000,201.05441000
2024-10-12 06:00:00,62778.00000000,62778.01000000,62670.65000000,62679.91000000,275.66986000
2024-10-12 07:00:00,62679.91000000,62774.00000000,62645.73000000,62767.57000000,244.00832000
2024-10-12 08:00:00,62767.57000000,62783.06000000,62699.98000000,62725.58000000,219.30239000
2024-10-12 09:00:00,62725.59000000,62843.33000000,62672.34000000,62843.32000000,222.24086000
2024-10-12 10:00:00,62843.32000000,63049.00000000,62815.03000000,63043.73000000,674.64810000
2024-10-12 11:00:00,63043.73000000,63260.53000000,62914.65000000,62936.91000000,882.96206000
2024-10-12 12:00:00,62936.91000000,63062.00000000,62824.03000000,63056.26000000,568.09497000
2024-10-12 13:00:00,63056.26000000,63151.52000000,62975.00000000,63072.12000000,464.98284000
2024-10-12 14:00:00,63072.12000000,63400.00000000,63014.00000000,63234.99000000,646.31938000
2024-10-12 15:00:00,63235.00000000,63480.00000000,63057.00000000,63157.49000000,1011.08640000
2024-10-12 16:00:00,63157.50000000,63400.00000000,63063.40000000,63064.06000000,491.72842000
2024-10-12 17:00:00,63064.06000000,63260.00000000,63048.00000000,63103.47000000,321.78631000
2024-10-12 18:00:00,63103.46000000,63177.64000000,62936.00000000,62936.01000000,371.62018000
2024-10-12 19:00:00,62936.01000000,63075.61000000,62911.00000000,63000.01000000,352.60400000
2024-10-12 20:00:00,63000.01000000,63113.21000000,63000.00000000,63043.29000000,207.96238000
2024-10-12 21:00:00,63043.29000000,63225.24000000,63043.28000000,63221.16000000,172.79716000
2024-10-12 22:00:00,63221.16000000,63324.00000000,63140.00000000,63296.63000000,208.14162000
2024-10-12 23:00:00,63296.63000000,63388.00000000,63169.82000000,63206.22000000,385.40944000
2024-10-13 00:00:00,63206.23000000,63285.72000000,63035.00000000,63190.23000000,392.73552000
2024-10-13 01:00:00,63190.24000000,63190.24000000,62818.00000000,62879.26000000,906.08765000
2024-10-13 02:00:00,62879.26000000,62920.00000000,62700.00000000,62867.20000000,408.56362000
2024-10-13 03:00:00,62867.20000000,62900.00000000,62654.91000000,62712.31000000,271.47783000
2024-10-13 04:00:00,62712.31000000,62860.00000000,62707.21000000,62814.00000000,199.62475000
2024-10-13 05:00:00,62814.00000000,62964.00000000,62813.99000000,62853.92000000,184.12566000
2024-10-13 06:00:00,62853.91000000,62990.00000000,62853.91000000,62867.29000000,211.17094000
2024-10-13 07:00:00,62867.29000000,62912.92000000,62729.81000000,62843.48000000,382.01636000
2024-10-13 08:00:00,62843.48000000,62962.00000000,62797.93000000,62809.99000000,495.84681000
2024-10-13 09:00:00,62809.99000000,62867.57000000,62770.61000000,62830.00000000,473.75794000
2024-10-13 10:00:00,62830.00000000,62830.01000000,62688.01000000,62700.99000000,419.55548000
2024-10-13 11:00:00,62700.99000000,62776.00000000,62520.18000000,62561.33000000,683.10484000
2024-10-13 12:00:00,62561.34000000,62728.37000000,62546.00000000,62664.01000000,337.55907000
2024-10-13 13:00:00,62664.01000000,62818.00000000,62624.75000000,62660.00000000,417.77487000
2024-10-13 14:00:00,62660.00000000,62660.00000000,62200.00000000,62249.60000000,891.39712000
2024-10-13 15:00:00,62249.60000000,62347.49000000,62050.00000000,62229.31000000,1235.55429000
2024-10-13 16:00:00,62229.32000000,62712.50000000,62177.67000000,62629.10000000,666.47125000
2024-10-13 17:00:00,62629.11000000,62887.78000000,62410.21000000,62515.59000000,805.68447000
2024-10-13 18:00:00,62515.58000000,62623.12000000,62314.13000000,62414.00000000,366.44599000
2024-10-13 19:00:00,62414.00000000,62740.00000000,62414.00000000,62734.32000000,347.62511000
2024-10-13 20:00:00,62734.31000000,62762.92000000,62610.67000000,62762.91000000,264.84711000
2024-10-13 21:00:00,62762.92000000,63010.00000000,62679.90000000,62895.11000000,659.18256000
2024-10-13 22:00:00,62895.11000000,63125.00000000,62727.27000000,62837.99000000,617.63003000
2024-10-13 23:00:00,62838.00000000,62895.90000000,62630.00000000,62870.02000000,270.98068000
2024-10-14 00:00:00,62870.02000000,62898.43000000,62457.81000000,62520.18000000,498.83037000
2024-10-14 01:00:00,62520.19000000,62850.00000000,62510.01000000,62631.83000000,500.36381000
2024-10-14 02:00:00,62631.83000000,62634.17000000,62478.65000000,62614.00000000,267.08282000
2024-10-14 03:00:00,62614.00000000,64392.49000000,62612.00000000,64299.99000000,3936.41882000
2024-10-14 04:00:00,64300.00000000,64500.00000000,64082.37000000,64137.99000000,2574.70527000
2024-10-14 05:00:00,64137.99000000,64160.00000000,63778.62000000,63941.54000000,1258.11830000
2024-10-14 06:00:00,63941.54000000,64227.86000000,63801.89000000,64095.99000000,809.03000000
2024-10-14 07:00:00,64096.00000000,64686.00000000,64028.99000000,64620.87000000,1898.35413000
2024-10-14 08:00:00,64620.87000000,64860.00000000,64382.72000000,64427.99000000,1331.28363000
2024-10-14 09:00:00,64427.99000000,64899.98000000,64340.98000000,64822.23000000,1190.87041000
2024-10-14 10:00:00,64822.24000000,64999.00000000,64695.79000000,64860.18000000,1212.28075000
2024-10-14 11:00:00,64860.18000000,65188.57000000,64800.01000000,64920.06000000,1604.40044000
2024-10-14 12:00:00,64920.05000000,65000.00000000,64743.00000000,64868.05000000,1400.73972000
2024-10-14 13:00:00,64868.06000000,65292.00000000,64660.56000000,65150.01000000,1898.59510000
2024-10-14 14:00:00,65150.01000000,66299.93000000,65116.00000000,65922.00000000,5246.02328000
2024-10-14 15:00:00,65922.00000000,66111.16000000,65800.00000000,65870.00000000,2620.60347000
2024-10-14 16:00:00,65870.00000000,66014.00000000,65609.04000000,65703.99000000,2115.94718000
2024-10-14 17:00:00,65703.99000000,65846.00000000,65459.00000000,65640.01000000,1061.53508000
2024-10-14 18:00:00,65640.00000000,65960.00000000,65579.90000000,65769.59000000,978.39321000
2024-10-14 19:00:00,65769.59000000,66072.30000000,65723.40000000,65939.40000000,1385.23734000
2024-10-14 20:00:00,65939.41000000,66050.00000000,65815.56000000,65925.97000000,589.40036000
2024-10-14 21:00:00,65925.98000000,65999.00000000,65730.00000000,65782.14000000,396.51022000
2024-10-14 22:00:00,65782.14000000,66500.00000000,65770.00000000,66454.00000000,1948.67266000
2024-10-14 23:00:00,66454.01000000,66500.00000000,66035.29000000,66083.99000000,946.55585000
2024-10-15 00:00:00,66084.00000000,66330.00000000,65856.45000000,65929.99000000,1154.23779000
2024-10-15 01:00:00,65930.00000000,66013.83000000,65733.39000000,65866.48000000,694.44944000
2024-10-15 02:00:00,65866.48000000,65928.00000000,65706.01000000,65759.99000000,617.73826000
2024-10-15 03:00:00,65759.99000000,65760.00000000,65324.40000000,65400.00000000,1108.40050000
2024-10-15 04:00:00,65399.99000000,65691.21000000,65322.00000000,65599.99000000,567.45376000
2024-10-15 05:00:00,65599.99000000,65600.00000000,65201.00000000,65363.24000000,822.80503000
2024-10-15 06:00:00,65363.25000000,65612.17000000,65285.24000000,65564.98000000,735.52735000
2024-10-15 07:00:00,65564.98000000,65846.00000000,65560.01000000,65638.74000000,1193.58339000
2024-10-15 08:00:00,65638.74000000,65850.00000000,65615.57000000,65754.00000000,565.59570000
2024-10-15 09:00:00,65753.99000000,65785.33000000,65602.68000000,65637.99000000,1081.37313000
2024-10-15 10:00:00,65637.99000000,65750.00000000,65582.95000000,65679.94000000,642.13152000
2024-10-15 11:00:00,65679.95000000,65720.00000000,65280.00000000,65399.69000000,1509.55209000
2024-10-15 12:00:00,65399.68000000,65964.56000000,65383.50000000,65802.01000000,1376.78893000
2024-10-15 13:00:00,65802.01000000,67767.66000000,65770.00000000,67658.00000000,4758.39408000
2024-10-15 14:00:00,67658.00000000,67950.00000000,65150.01000000,65376.00000000,9039.37258000
2024-10-15 15:00:00,65376.01000000,66300.00000000,64800.01000000,66022.00000000,5392.76390000
2024-10-15 16:00:00,66022.01000000,67218.00000000,65982.55000000,66868.20000000,3418.13618000
2024-10-15 17:00:00,66868.21000000,67059.33000000,66501.00000000,66808.01000000,1765.93618000
2024-10-15 18:00:00,66808.00000000,67390.89000000,66754.00000000,66901.15000000,1591.98685000
2024-10-15 19:00:00,66901.15000000,67051.99000000,66574.94000000,66970.18000000,1664.01097000
2024-10-15 20:00:00,66970.18000000,67007.99000000,66391.65000000,66469.41000000,1318.01559000
2024-10-15 21:00:00,66469.41000000,66614.00000000,66130.64000000,66432.00000000,1096.16117000
2024-10-15 22:00:00,66432.01000000,66992.00000000,66409.42000000,66747.58000000,795.05313000
2024-10-15 23:00:00,66747.59000000,67156.47000000,66675.06000000,67074.14000000,774.48671000
2024-10-16 00:00:00,67074.14000000,67138.96000000,66759.01000000,66874.04000000,786.91734000
2024-10-16 01:00:00,66874.04000000,67496.89000000,66750.49000000,67375.99000000,1155.89777000
2024-10-16 02:00:00,67376.00000000,67561.04000000,67241.04000000,67280.01000000,855.21854000
2024-10-16 03:00:00,67280.01000000,67293.99000000,67071.33000000,67095.98000000,710.36875000
2024-10-16 04:00:00,67095.99000000,67236.00000000,66885.05000000,67000.00000000,694.88785000
2024-10-16 05:00:00,67000.00000000,67361.41000000,66930.71000000,67218.74000000,776.15846000
2024-10-16 06:00:00,67218.74000000,67300.00000000,66961.62000000,67050.00000000,772.89972000
2024-10-16 07:00:00,67050.00000000,67050.01000000,66775.67000000,66972.53000000,826.47000000
2024-10-16 08:00:00,66972.53000000,67270.15000000,66917.52000000,67129.82000000,1139.02083000
2024-10-16 09:00:00,67129.82000000,67469.00000000,67087.26000000,67420.01000000,1155.95012000
2024-10-16 10:00:00,67420.01000000,67799.00000000,67323.61000000,67733.54000000,2132.60078000
2024-10-16 11:00:00,67733.55000000,68424.00000000,67602.05000000,67894.72000000,4243.53323000
2024-10-16 12:00:00,67894.73000000,68058.00000000,67670.00000000,67832.00000000,2119.64251000
2024-10-16 13:00:00,67832.00000000,67962.00000000,67117.18000000,67386.00000000,2383.91323000
2024-10-16 14:00:00,67386.00000000,68308.91000000,67346.00000000,67671.91000000,3438.18800000
2024-10-16 15:00:00,67671.91000000,68050.00000000,67391.01000000,67749.99000000,1400.46686000
2024-10-16 16:00:00,67750.00000000,67929.99000000,67482.00000000,67823.88000000,1175.82956000
2024-10-16 17:00:00,67823.88000000,68100.00000000,67686.00000000,67942.00000000,983.28128000
2024-10-16 18:00:00,67942.00000000,68064.00000000,67780.32000000,67822.74000000,688.26491000
2024-10-16 19:00:00,67822.73000000,67952.84000000,67643.24000000,67728.00000000,727.95399000
2024-10-16 20:00:00,67728.01000000,67954.03000000,67630.00000000,67630.01000000,594.85817000
2024-10-16 21:00:00,67630.01000000,67706.00000000,67500.00000000,67566.90000000,394.73361000
2024-10-16 22:00:00,67566.90000000,67860.00000000,67563.84000000,67790.01000000,413.91674000
2024-10-16 23:00:00,67790.00000000,67827.48000000,67602.34000000,67620.01000000,367.28319000
2024-10-17 00:00:00,67620.00000000,67939.40000000,67580.00000000,67709.99000000,437.46753000
2024-10-17 01:00:00,67709.99000000,67899.99000000,67406.99000000,67893.98000000,839.22722000
2024-10-17 02:00:00,67893.98000000,67908.48000000,67408.00000000,67472.01000000,748.44335000
2024-10-17 03:00:00,67472.01000000,67700.00000000,67438.00000000,67601.40000000,478.64401000
2024-10-17 04:00:00,67601.40000000,67601.40000000,67260.00000000,67260.00000000,695.26222000
2024-10-17 05:00:00,67260.01000000,67470.00000000,67260.00000000,67340.82000000,509.73015000
2024-10-17 06:00:00,67340.81000000,67504.49000000,67104.18000000,67162.87000000,1233.26564000
2024-10-17 07:00:00,67162.87000000,67317.17000000,67087.35000000,67303.18000000,1114.64608000
2024-10-17 08:00:00,67303.18000000,67473.49000000,67200.00000000,67450.00000000,745.35931000
2024-10-17 09:00:00,67450.00000000,67530.01000000,67185.16000000,67191.40000000,941.84050000
2024-10-17 10:00:00,67191.41000000,67295.40000000,66818.96000000,67214.00000000,1208.73503000
2024-10-17 11:00:00,67214.01000000,67285.00000000,66741.09000000,66872.43000000,1944.76935000
2024-10-17 12:00:00,66872.44000000,67184.00000000,66799.90000000,67171.42000000,998.62443000
2024-10-17 13:00:00,67171.42000000,67354.94000000,66669.00000000,67021.99000000,1702.17377000
2024-10-17 14:00:00,67021.99000000,67293.94000000,66666.00000000,67123.80000000,2327.10904000
2024-10-17 15:00:00,67123.80000000,67680.00000000,66925.06000000,67590.66000000,1616.10959000
2024-10-17 16:00:00,67590.67000000,67590.67000000,67122.68000000,67384.42000000,1677.79081000
2024-10-17 17:00:00,67384.42000000,67526.00000000,67156.70000000,67290.00000000,1220.03847000
2024-10-17 18:00:00,67290.00000000,67308.82000000,66720.00000000,66938.01000000,1635.90526000
2024-10-17 19:00:00,66938.01000000,67017.39000000,66780.00000000,66840.00000000,830.39720000
2024-10-17 20:00:00,66840.00000000,67149.50000000,66827.68000000,66940.00000000,469.06350000
2024-10-17 21:00:00,66940.00000000,67129.98000000,66940.00000000,67084.00000000,319.20057000
2024-10-17 22:00:00,67084.01000000,67480.00000000,67084.01000000,67444.02000000,919.29212000
2024-10-17 23:00:00,67444.02000000,67479.99000000,67288.01000000,67421.78000000,715.13346000
2024-10-18 00:00:00,67421.78000000,67457.07000000,67192.36000000,67214.42000000,626.09327000
2024-10-18 01:00:00,67214.41000000,68260.92000000,67194.00000000,68085.50000000,2138.13847000
2024-10-18 02:00:00,68085.50000000,68142.00000000,67800.00000000,68103.99000000,1073.14990000
2024-10-18 03:00:00,68104.00000000,68108.58000000,67522.00000000,67555.40000000,978.29799000
2024-10-18 04:00:00,67555.41000000,67867.93000000,67544.00000000,67742.72000000,770.77181000
2024-10-18 05:00:00,67742.71000000,68050.00000000,67640.00000000,68000.79000000,567.44614000
2024-10-18 06:00:00,68000.79000000,68378.95000000,67925.98000000,68108.00000000,1482.28962000
2024-10-18 07:00:00,68108.00000000,68194.00000000,67864.00000000,67969.70000000,1615.53030000
2024-10-18 08:00:00,67969.69000000,68050.00000000,67830.00000000,67922.45000000,641.38325000
2024-10-18 09:00:00,67922.44000000,68045.55000000,67763.26000000,67802.00000000,753.29192000
2024-10-18 10:00:00,67802.00000000,67970.33000000,67776.43000000,67874.92000000,921.44904000
2024-10-18 11:00:00,67874.92000000,68028.44000000,67674.98000000,67702.00000000,1288.33547000
2024-10-18 12:00:00,67702.00000000,67820.66000000,67642.71000000,67662.00000000,574.19737000
2024-10-18 13:00:00,67662.00000000,68196.00000000,67656.99000000,68196.00000000,1233.37326000
2024-10-18 14:00:00,68195.99000000,68600.00000000,67936.18000000,68426.98000000,4002.87329000
2024-10-18 15:00:00,68426.99000000,68870.68000000,68293.04000000,68735.35000000,3171.49022000
2024-10-18 16:00:00,68735.34000000,68897.99000000,68360.00000000,68787.88000000,1754.84058000
2024-10-18 17:00:00,68787.87000000,68908.05000000,68656.53000000,68710.14000000,1032.29321000
2024-10-18 18:00:00,68710.13000000,69000.00000000,68560.00000000,68892.42000000,1227.26584000
2024-10-18 19:00:00,68892.41000000,68974.00000000,68572.72000000,68608.01000000,1079.87377000
2024-10-18 20:00:00,68608.01000000,68690.00000000,68400.00000000,68432.00000000,674.44986000
2024-10-18 21:00:00,68431.99000000,68495.45000000,68230.00000000,68412.00000000,381.16213000
2024-10-18 22:00:00,68412.00000000,68420.00000000,68204.10000000,68205.60000000,430.32404000
2024-10-18 23:00:00,68205.59000000,68470.00000000,68205.59000000,68428.00000000,307.31425000
2024-10-19 00:00:00,68427.99000000,68480.00000000,68303.03000000,68334.20000000,310.84184000
2024-10-19 01:00:00,68334.21000000,68454.55000000,68330.00000000,68340.02000000,321.83758000
2024-10-19 02:00:00,68340.02000000,68469.91000000,68334.00000000,68459.59000000,276.07774000
2024-10-19 03:00:00,68459.58000000,68693.26000000,68435.96000000,68450.01000000,467.97911000
2024-10-19 04:00:00,68450.00000000,68560.00000000,68334.00000000,68334.01000000,312.97065000
2024-10-19 05:00:00,68334.00000000,68432.62000000,68326.00000000,68390.01000000,234.25062000
2024-10-19 06:00:00,68390.01000000,68439.00000000,68335.83000000,68335.83000000,234.88358000
2024-10-19 07:00:00,68335.84000000,68405.11000000,68302.31000000,68346.54000000,331.56830000
2024-10-19 08:00:00,68346.54000000,68475.70000000,68346.54000000,68409.99000000,382.56805000
2024-10-19 09:00:00,68410.00000000,68436.44000000,68352.00000000,68352.00000000,271.85228000
2024-10-19 10:00:00,68352.00000000,68380.00000000,68242.00000000,68244.00000000,371.42915000
2024-10-19 11:00:00,68244.01000000,68297.28000000,68090.30000000,68090.30000000,629.51337000
2024-10-19 12:00:00,68090.30000000,68268.32000000,68088.00000000,68222.00000000,260.37486000
2024-10-19 13:00:00,68222.00000000,68222.01000000,68114.69000000,68114.70000000,265.42369000
2024-10-19 14:00:00,68114.71000000,68350.00000000,68114.70000000,68300.01000000,401.41070000
2024-10-19 15:00:00,68300.00000000,68338.00000000,68159.90000000,68226.93000000,419.69957000
2024-10-19 16:00:00,68226.94000000,68227.54000000,68041.02000000,68042.00000000,365.85620000
2024-10-19 17:00:00,68042.00000000,68142.80000000,68010.00000000,68121.99000000,207.03330000
2024-10-19 18:00:00,68121.99000000,68190.06000000,68094.40000000,68179.99000000,187.56654000
2024-10-19 19:00:00,68179.99000000,68242.43000000,68154.31000000,68181.98000000,259.13892000
2024-10-19 20:00:00,68181.98000000,68277.96000000,68168.45000000,68245.18000000,518.33656000
2024-10-19 21:00:00,68245.18000000,68345.41000000,68222.43000000,68222.43000000,423.73528000
2024-10-19 22:00:00,68222.43000000,68410.00000000,68203.18000000,68330.00000000,345.97000000
2024-10-19 23:00:00,68330.00000000,68413.96000000,68304.00000000,68378.00000000,393.34948000
2024-10-20 00:00:00,68377.99000000,68446.00000000,68231.23000000,68231.24000000,440.41304000
2024-10-20 01:00:00,68231.24000000,68253.30000000,68155.00000000,68158.00000000,217.11239000
2024-10-20 02:00:00,68158.00000000,68220.00000000,68114.43000000,68177.01000000,217.83232000
2024-10-20 03:00:00,68177.01000000,68198.00000000,68100.00000000,68188.00000000,179.36249000
2024-10-20 04:00:00,68188.01000000,68316.00000000,68184.96000000,68235.99000000,181.24513000
2024-10-20 05:00:00,68236.00000000,68291.67000000,68180.99000000,68214.00000000,232.81996000
2024-10-20 06:00:00,68213.99000000,68410.00000000,68176.26000000,68400.01000000,446.43758000
2024-10-20 07:00:00,68400.01000000,68433.50000000,68364.10000000,68378.00000000,580.54038000
2024-10-20 08:00:00,68378.01000000,68500.00000000,68355.01000000,68394.00000000,454.72661000
2024-10-20 09:00:00,68393.99000000,68445.99000000,68355.00000000,68434.20000000,239.27437000
2024-10-20 10:00:00,68434.20000000,68458.30000000,68376.04000000,68376.05000000,241.82127000
2024-10-20 11:00:00,68376.05000000,68443.40000000,68374.01000000,68420.01000000,194.59843000
2024-10-20 12:00:00,68420.01000000,68438.69000000,68259.90000000,68268.36000000,372.43389000
2024-10-20 13:00:00,68268.37000000,68486.00000000,68198.22000000,68451.85000000,663.03298000
2024-10-20 14:00:00,68451.85000000,68772.70000000,68451.84000000,68637.99000000,1336.44277000
2024-10-20 15:00:00,68638.00000000,68687.99000000,68366.00000000,68625.99000000,653.09373000
2024-10-20 16:00:00,68625.99000000,68660.00000000,68505.46000000,68505.47000000,342.64364000
2024-10-20 17:00:00,68505.47000000,68608.00000000,68422.00000000,68562.00000000,319.60725000
2024-10-20 18:00:00,68562.01000000,68653.50000000,68562.00000000,68604.00000000,218.85961000
2024-10-20 19:00:00,68604.01000000,68604.01000000,68495.99000000,68508.29000000,256.27441000
2024-10-20 20:00:00,68508.30000000,68900.00000000,68461.93000000,68781.98000000,482.77596000
2024-10-20 21:00:00,68781.98000000,68870.00000000,68658.00000000,68770.00000000,463.65363000
2024-10-20 22:00:00,68770.00000000,69400.00000000,68600.00000000,69137.28000000,2772.83894000
2024-10-20 23:00:00,69137.28000000,69196.16000000,68923.32000000,69031.99000000,934.63300000
2024-10-21 00:00:00,69032.00000000,69519.52000000,68972.56000000,69160.00000000,1511.98728000
2024-10-21 01:00:00,69160.00000000,69480.00000000,69106.00000000,69210.89000000,726.66974000
2024-10-21 02:00:00,69210.88000000,69266.64000000,68709.87000000,68710.00000000,1082.59587000
2024-10-21 03:00:00,68709.99000000,68940.00000000,68588.51000000,68939.99000000,704.09672000
2024-10-21 04:00:00,68940.00000000,69039.00000000,68795.75000000,69039.00000000,546.23263000
2024-10-21 05:00:00,69039.00000000,69185.18000000,68951.27000000,68979.97000000,590.83933000
2024-10-21 06:00:00,68979.96000000,69146.51000000,68639.90000000,68699.36000000,697.48997000
2024-10-21 07:00:00,68699.36000000,68799.95000000,68488.33000000,68514.00000000,822.48063000
2024-10-21 08:00:00,68513.99000000,68661.00000000,68290.04000000,68301.46000000,1026.84906000
2024-10-21 09:00:00,68301.47000000,68426.00000000,68119.01000000,68378.00000000,1084.12302000
2024-10-21 10:00:00,68377.99000000,68482.87000000,68261.61000000,68281.49000000,1318.07234000
2024-10-21 11:00:00,68281.50000000,68434.00000000,68169.02000000,68238.01000000,815.17210000
2024-10-21 12:00:00,68238.00000000,68328.68000000,68046.00000000,68207.27000000,885.71411000
2024-10-21 13:00:00,68207.26000000,68242.00000000,67152.00000000,67312.00000000,5358.21525000
2024-10-21 14:00:00,67312.01000000,67620.25000000,67020.00000000,67268.00000000,3713.85728000
2024-10-21 15:00:00,67268.00000000,67347.96000000,66840.67000000,67341.02000000,2856.87172000
2024-10-21 16:00:00,67341.02000000,67344.00000000,66894.00000000,67327.00000000,1382.94149000
2024-10-21 17:00:00,67326.99000000,67669.62000000,67260.00000000,67526.01000000,1640.03756000
2024-10-21 18:00:00,67526.00000000,67526.01000000,67035.04000000,67335.05000000,1277.99748000
2024-10-21 19:00:00,67335.05000000,67941.17000000,67335.01000000,67763.00000000,1240.18922000
2024-10-21 20:00:00,67763.99000000,67818.19000000,67624.18000000,67749.99000000,494.38709000
2024-10-21 21:00:00,67750.00000000,67933.79000000,67688.14000000,67803.21000000,389.90719000
2024-10-21 22:00:00,67803.21000000,67878.78000000,67602.84000000,67781.07000000,544.89463000
2024-10-21 23:00:00,67781.07000000,67781.08000000,67366.66000000,67377.50000000,662.80013000
2024-10-22 00:00:00,67377.50000000,67406.50000000,66571.42000000,67149.73000000,2276.06378000
2024-10-22 01:00:00,67149.73000000,67538.00000000,67050.00000000,67508.29000000,826.66904000
2024-10-22 02:00:00,67508.29000000,67694.92000000,67269.32000000,67317.23000000,876.23526000
2024-10-22 03:00:00,67317.23000000,67553.34000000,67300.55000000,67390.02000000,551.26328000
2024-10-22 04:00:00,67390.01000000,67493.35000000,67278.02000000,67493.34000000,386.13539000
2024-10-22 05:00:00,67493.35000000,67642.23000000,67452.05000000,67579.99000000,605.65686000
2024-10-22 06:00:00,67579.99000000,67800.00000000,67572.00000000,67572.01000000,992.83241000
2024-10-22 07:00:00,67572.00000000,67696.97000000,67386.04000000,67402.00000000,598.06763000
2024-10-22 08:00:00,67402.00000000,67402.14000000,66900.00000000,66934.07000000,1660.35676000
2024-10-22 09:00:00,66934.08000000,67127.71000000,66740.00000000,66960.02000000,1798.41018000
2024-10-22 10:00:00,66960.02000000,67240.00000000,66868.53000000,67184.56000000,1590.12437000
2024-10-22 11:00:00,67184.56000000,67526.67000000,67166.95000000,67299.15000000,904.03864000
2024-10-22 12:00:00,67299.15000000,67474.23000000,66860.00000000,66984.00000000,964.61675000
2024-10-22 13:00:00,66984.00000000,67175.00000000,66644.18000000,66998.21000000,1827.64620000
2024-10-22 14:00:00,66998.21000000,67686.67000000,66828.00000000,67559.03000000,2285.92003000
2024-10-22 15:00:00,67559.03000000,67693.34000000,67105.65000000,67282.27000000,1155.40221000
2024-10-22 16:00:00,67282.27000000,67282.28000000,66920.00000000,66966.07000000,968.42904000
2024-10-22 17:00:00,66966.06000000,67435.00000000,66946.50000000,67331.58000000,952.92437000
2024-10-22 18:00:00,67331.58000000,67534.19000000,67246.79000000,67385.00000000,1006.37813000
2024-10-22 19:00:00,67385.00000000,67635.72000000,67343.81000000,67482.98000000,701.61513000
2024-10-22 20:00:00,67482.99000000,67575.57000000,67422.12000000,67532.00000000,447.58720000
2024-10-22 21:00:00,67532.00000000,67550.00000000,67415.30000000,67534.85000000,244.98103000
2024-10-22 22:00:00,67534.85000000,67836.01000000,67491.05000000,67724.00000000,618.02795000
2024-10-22 23:00:00,67724.00000000,67773.94000000,67292.00000000,67426.00000000,359.58104000
2024-10-23 00:00:00,67426.01000000,67472.83000000,67130.43000000,67179.13000000,577.86445000
2024-10-23 01:00:00,67179.13000000,67386.94000000,67179.13000000,67348.46000000,393.55985000
2024-10-23 02:00:00,67348.46000000,67386.93000000,67068.28000000,67096.00000000,581.36673000
2024-10-23 03:00:00,67095.99000000,67180.92000000,66890.00000000,67082.10000000,639.25878000
2024-10-23 04:00:00,67082.10000000,67249.84000000,66999.99000000,67217.48000000,515.38779000
2024-10-23 05:00:00,67217.48000000,67227.59000000,67042.44000000,67087.06000000,344.91746000
2024-10-23 06:00:00,67087.06000000,67302.83000000,66904.18000000,66917.55000000,734.38739000
2024-10-23 07:00:00,66917.55000000,67000.77000000,66800.00000000,66852.34000000,610.35202000
2024-10-23 08:00:00,66852.33000000,67048.00000000,66415.62000000,66530.00000000,1433.79395000
2024-10-23 09:00:00,66530.00000000,66602.35000000,66200.00000000,66516.00000000,1401.02255000
2024-10-23 10:00:00,66515.99000000,66643.50000000,66397.37000000,66398.19000000,898.86870000
2024-10-23 11:00:00,66398.18000000,66600.00000000,66276.04000000,66414.00000000,944.47823000
2024-10-23 12:00:00,66414.00000000,66512.11000000,66105.00000000,66416.72000000,1715.78782000
2024-10-23 13:00:00,66416.72000000,66910.15000000,66340.40000000,66800.00000000,1214.47220000
2024-10-23 14:00:00,66799.99000000,66878.79000000,66433.00000000,66490.00000000,1221.12677000
2024-10-23 15:00:00,66489.99000000,66492.00000000,65923.01000000,66223.44000000,2404.06932000
2024-10-23 16:00:00,66223.45000000,66288.00000000,65801.00000000,65878.02000000,1896.31971000
2024-10-23 17:00:00,65878.02000000,65989.97000000,65637.00000000,65723.32000000,1676.39017000
2024-10-23 18:00:00,65723.31000000,66070.26000000,65260.00000000,66057.79000000,2506.24902000
2024-10-23 19:00:00,66057.78000000,66573.58000000,65872.00000000,66472.00000000,1668.71629000
2024-10-23 20:00:00,66472.00000000,66680.00000000,66338.99000000,66669.00000000,727.46539000
2024-10-23 21:00:00,66668.99000000,66683.34000000,66362.15000000,66414.01000000,372.21879000
2024-10-23 22:00:00,66414.00000000,66575.76000000,66351.58000000,66472.96000000,462.35838000
2024-10-23 23:00:00,66472.95000000,66807.37000000,66460.00000000,66668.65000000,589.80894000
2024-10-24 00:00:00,66668.65000000,67476.11000000,66510.00000000,67432.01000000,1333.57278000
2024-10-24 01:00:00,67432.00000000,67612.12000000,67058.03000000,67268.17000000,1439.99436000
2024-10-24 02:00:00,67268.17000000,67507.60000000,67157.09000000,67459.63000000,789.12141000
2024-10-24 03:00:00,67459.63000000,67474.29000000,67213.15000000,67213.16000000,506.44407000
2024-10-24 04:00:00,67213.16000000,67442.33000000,67210.26000000,67382.19000000,546.25312000
2024-10-24 05:00:00,67382.20000000,67479.55000000,67353.14000000,67364.00000000,403.43455000
2024-10-24 06:00:00,67364.01000000,67475.00000000,67117.78000000,67119.99000000,641.23642000
2024-10-24 07:00:00,67119.99000000,67321.16000000,67068.75000000,67123.08000000,577.32243000
2024-10-24 08:00:00,67123.09000000,67260.61000000,66850.00000000,66852.87000000,633.54945000
2024-10-24 09:00:00,66852.88000000,67005.61000000,66700.00000000,66876.00000000,1136.78891000
2024-10-24 10:00:00,66875.99000000,67123.00000000,66852.04000000,66999.99000000,1079.75886000
2024-10-24 11:00:00,67000.00000000,67322.26000000,66989.92000000,67285.99000000,777.47807000
2024-10-24 12:00:00,67286.00000000,67612.48000000,67262.00000000,67517.75000000,921.95126000
2024-10-24 13:00:00,67517.76000000,67998.00000000,67450.00000000,67905.99000000,1900.54444000
2024-10-24 14:00:00,67906.00000000,67980.00000000,67529.18000000,67786.27000000,1490.59296000
2024-10-24 15:00:00,67786.27000000,67972.00000000,67600.00000000,67701.22000000,1243.60288000
2024-10-24 16:00:00,67701.21000000,67793.34000000,67350.01000000,67574.14000000,888.58253000
2024-10-24 17:00:00,67574.15000000,67859.50000000,67460.00000000,67653.44000000,789.36736000
2024-10-24 18:00:00,67653.45000000,67958.00000000,67627.50000000,67832.00000000,687.80118000
2024-10-24 19:00:00,67831.99000000,68323.00000000,67732.54000000,68309.79000000,1652.44687000
2024-10-24 20:00:00,68309.79000000,68341.64000000,67978.04000000,68196.00000000,946.04241000
2024-10-24 21:00:00,68196.00000000,68850.00000000,68196.00000000,68348.01000000,1198.62429000
2024-10-24 22:00:00,68348.00000000,68557.99000000,68183.78000000,68183.78000000,563.32651000
2024-10-24 23:00:00,68183.78000000,68264.97000000,68055.75000000,68198.28000000,442.00165000
2024-10-25 00:00:00,68198.27000000,68286.56000000,67903.00000000,67989.27000000,603.33465000
2024-10-25 01:00:00,67989.26000000,68010.01000000,67845.01000000,67969.70000000,508.33758000
2024-10-25 02:00:00,67969.70000000,68080.00000000,67836.00000000,68066.99000000,478.05039000
2024-10-25 03:00:00,68066.99000000,68234.34000000,67989.55000000,68008.00000000,513.74526000
2024-10-25 04:00:00,68007.99000000,68045.36000000,67691.44000000,67744.00000000,757.84685000
2024-10-25 05:00:00,67744.01000000,67875.08000000,67574.92000000,67757.21000000,688.27431000
2024-10-25 06:00:00,67757.21000000,67860.00000000,67596.92000000,67646.21000000,555.06302000
2024-10-25 07:00:00,67646.21000000,67727.30000000,67250.00000000,67531.97000000,1238.06394000
2024-10-25 08:00:00,67531.96000000,67757.58000000,67286.28000000,67658.50000000,931.52642000
2024-10-25 09:00:00,67658.49000000,67878.00000000,67524.91000000,67837.28000000,1010.31439000
2024-10-25 10:00:00,67837.29000000,67878.76000000,67678.00000000,67855.23000000,456.55528000
2024-10-25 11:00:00,67855.23000000,68183.78000000,67801.21000000,68105.79000000,1034.19925000
2024-10-25 12:00:00,68105.79000000,68294.92000000,67959.68000000,68061.90000000,658.31277000
2024-10-25 13:00:00,68061.89000000,68427.62000000,67737.61000000,68334.00000000,1218.60277000
2024-10-25 14:00:00,68334.01000000,68771.49000000,68140.00000000,68311.31000000,2041.27174000
2024-10-25 15:00:00,68311.30000000,68543.30000000,67429.87000000,67690.01000000,2145.61355000
2024-10-25 16:00:00,67690.01000000,67890.52000000,67355.00000000,67670.00000000,1661.39602000
2024-10-25 17:00:00,67669.99000000,67814.00000000,66770.70000000,66836.01000000,2503.52003000
2024-10-25 18:00:00,66836.00000000,67585.87000000,66006.60000000,67026.61000000,6126.68051000
2024-10-25 19:00:00,67026.62000000,67237.01000000,66618.58000000,66850.00000000,2527.96506000
2024-10-25 20:00:00,66849.99000000,67034.36000000,66620.38000000,66937.99000000,1056.82465000
2024-10-25 21:00:00,66938.00000000,67297.90000000,66938.00000000,67297.90000000,482.54189000
2024-10-25 22:00:00,67297.89000000,67392.52000000,66618.01000000,66626.42000000,660.45329000
2024-10-25 23:00:00,66626.43000000,66800.00000000,65596.29000000,66698.33000000,4621.21763000
2024-10-26 00:00:00,66698.32000000,66859.76000000,66546.67000000,66736.00000000,1351.31462000
2024-10-26 01:00:00,66736.00000000,66816.00000000,66543.46000000,66711.99000000,750.17007000
2024-10-26 02:00:00,66711.99000000,67050.20000000,66439.90000000,66847.18000000,1008.27108000
2024-10-26 03:00:00,66847.19000000,66988.00000000,66700.00000000,66914.00000000,575.24971000
2024-10-26 04:00:00,66914.00000000,66994.31000000,66784.26000000,66948.07000000,396.34710000
2024-10-26 05:00:00,66948.06000000,67223.92000000,66944.00000000,67132.00000000,545.64975000
2024-10-26 06:00:00,67131.99000000,67240.02000000,67047.54000000,67170.03000000,336.91550000
2024-10-26 07:00:00,67170.03000000,67186.00000000,66995.61000000,67007.99000000,349.95281000
2024-10-26 08:00:00,67007.99000000,67175.31000000,66997.52000000,67134.65000000,218.43166000
2024-10-26 09:00:00,67134.65000000,67264.34000000,67054.75000000,67054.75000000,343.50673000
2024-10-26 10:00:00,67054.76000000,67177.38000000,66994.31000000,67053.96000000,434.19227000
2024-10-26 11:00:00,67053.95000000,67162.81000000,66953.02000000,67138.00000000,495.74422000
2024-10-26 12:00:00,67138.00000000,67180.00000000,67006.47000000,67034.11000000,279.60201000
2024-10-26 13:00:00,67034.12000000,67118.00000000,66867.96000000,66894.00000000,987.30125000
2024-10-26 14:00:00,66894.00000000,66953.28000000,66744.00000000,66797.99000000,703.64163000
2024-10-26 15:00:00,66797.99000000,67010.00000000,66762.57000000,66886.49000000,640.23767000
2024-10-26 16:00:00,66886.49000000,67053.61000000,66788.00000000,66979.99000000,625.33027000
2024-10-26 17:00:00,66980.00000000,67140.00000000,66970.00000000,67062.00000000,272.94127000
2024-10-26 18:00:00,67062.01000000,67143.64000000,67027.14000000,67042.00000000,202.36147000
2024-10-26 19:00:00,67042.00000000,67181.82000000,67042.00000000,67177.99000000,217.67147000
2024-10-26 20:00:00,67178.00000000,67454.55000000,67144.00000000,67265.46000000,470.54756000
2024-10-26 21:00:00,67265.46000000,67272.00000000,67103.45000000,67176.82000000,264.93924000
2024-10-26 22:00:00,67176.82000000,67235.69000000,67106.43000000,67132.00000000,179.60762000
2024-10-26 23:00:00,67132.00000000,67149.53000000,67084.00000000,67092.76000000,192.98072000
2024-10-27 00:00:00,67092.76000000,67118.12000000,66974.00000000,67014.85000000,210.48300000
2024-10-27 01:00:00,67014.85000000,67127.49000000,66913.73000000,67074.94000000,281.57477000
2024-10-27 02:00:00,67074.94000000,67116.44000000,67024.32000000,67054.00000000,143.14834000
2024-10-27 03:00:00,67054.00000000,67325.46000000,67000.00000000,67289.57000000,350.83558000
2024-10-27 04:00:00,67289.57000000,67317.78000000,67120.00000000,67160.00000000,182.15550000
2024-10-27 05:00:00,67160.00000000,67213.99000000,67149.79000000,67181.82000000,217.69434000
2024-10-27 06:00:00,67181.81000000,67186.00000000,67128.00000000,67186.00000000,110.32857000
2024-10-27 07:00:00,67186.00000000,67230.67000000,67184.94000000,67204.01000000,158.77541000
2024-10-27 08:00:00,67204.00000000,67266.49000000,67168.50000000,67226.00000000,205.47642000
2024-10-27 09:00:00,67226.00000000,67226.00000000,67101.04000000,67149.45000000,309.30960000
2024-10-27 10:00:00,67149.44000000,67194.00000000,67072.64000000,67088.00000000,279.44594000
2024-10-27 11:00:00,67088.00000000,67185.03000000,67036.85000000,67128.04000000,295.19627000
2024-10-27 12:00:00,67128.03000000,67500.00000000,67121.45000000,67400.00000000,568.19545000
2024-10-27 13:00:00,67399.99000000,67776.99000000,67396.00000000,67616.00000000,702.21189000
2024-10-27 14:00:00,67616.00000000,67750.00000000,67608.00000000,67695.99000000,354.20285000
2024-10-27 15:00:00,67696.00000000,67858.00000000,67693.72000000,67791.99000000,436.88107000
2024-10-27 16:00:00,67792.00000000,67878.79000000,67662.00000000,67828.00000000,421.72819000
2024-10-27 17:00:00,67828.00000000,68000.00000000,67722.56000000,67759.70000000,559.95827000
2024-10-27 18:00:00,67759.70000000,67771.51000000,67540.88000000,67560.00000000,381.72644000
2024-10-27 19:00:00,67560.00000000,67850.00000000,67554.00000000,67850.00000000,273.26642000
2024-10-27 20:00:00,67850.00000000,67921.26000000,67688.09000000,67762.01000000,281.50714000
2024-10-27 21:00:00,67762.00000000,68195.11000000,67740.10000000,67930.01000000,545.91543000
2024-10-27 22:00:00,67930.02000000,68332.05000000,67930.02000000,68124.00000000,969.56799000
2024-10-27 23:00:00,68124.00000000,68290.00000000,67988.00000000,68021.70000000,413.61104000
2024-10-28 00:00:00,68021.69000000,68116.78000000,67839.90000000,67859.91000000,555.35912000
2024-10-28 01:00:00,67859.90000000,67907.20000000,67740.11000000,67751.89000000,304.90747000
2024-10-28 02:00:00,67751.89000000,67860.00000000,67677.77000000,67803.99000000,438.32590000
2024-10-28 03:00:00,67804.00000000,67991.28000000,67700.51000000,67727.59000000,449.91570000
2024-10-28 04:00:00,67727.59000000,67800.00000000,67636.44000000,67744.29000000,490.56951000
2024-10-28 05:00:00,67744.30000000,67964.10000000,67618.00000000,67909.85000000,354.11541000
2024-10-28 06:00:00,67909.85000000,67959.15000000,67800.00000000,67959.15000000,467.50971000
2024-10-28 07:00:00,67959.15000000,68680.00000000,67959.15000000,68415.52000000,1916.25094000
2024-10-28 08:00:00,68415.52000000,68596.00000000,68328.00000000,68328.00000000,660.79200000
2024-10-28 09:00:00,68328.00000000,68614.09000000,68238.81000000,68574.00000000,636.96149000
2024-10-28 10:00:00,68573.99000000,68833.57000000,68548.00000000,68625.87000000,785.04653000
2024-10-28 11:00:00,68625.86000000,68768.57000000,68490.00000000,68753.78000000,586.05532000
2024-10-28 12:00:00,68753.78000000,69063.62000000,68590.00000000,68908.01000000,1872.43757000
2024-10-28 13:00:00,68908.00000000,69280.00000000,68777.00000000,68819.99000000,2492.62084000
2024-10-28 14:00:00,68820.00000000,69100.00000000,68688.00000000,68840.00000000,1777.84938000
2024-10-28 15:00:00,68840.00000000,68853.27000000,68426.67000000,68494.20000000,1476.61850000
2024-10-28 16:00:00,68494.20000000,68980.00000000,68452.54000000,68709.27000000,1074.24282000
2024-10-28 17:00:00,68709.27000000,69208.43000000,68513.10000000,68984.00000000,1538.03860000
2024-10-28 18:00:00,68984.00000000,69240.00000000,68846.00000000,69212.12000000,995.60134000
2024-10-28 19:00:00,69212.12000000,69900.00000000,69150.01000000,69629.98000000,4352.02346000
2024-10-28 20:00:00,69629.99000000,69719.59000000,69427.79000000,69644.56000000,838.75248000
2024-10-28 21:00:00,69644.57000000,69797.99000000,69518.35000000,69791.00000000,637.09431000
2024-10-28 22:00:00,69791.00000000,70270.00000000,69791.00000000,69961.65000000,3417.36180000
2024-10-28 23:00:00,69961.64000000,70145.50000000,69733.30000000,69962.21000000,928.30439000
2024-10-29 00:00:00,69962.21000000,70010.00000000,69760.00000000,69960.88000000,654.60671000
2024-10-29 01:00:00,69960.89000000,70387.97000000,69840.24000000,70310.58000000,1101.99256000
2024-10-29 02:00:00,70310.58000000,71587.88000000,70221.11000000,71190.05000000,5855.97331000
2024-10-29 03:00:00,71190.05000000,71430.96000000,70885.02000000,70938.14000000,1648.12275000
2024-10-29 04:00:00,70938.15000000,71139.22000000,70926.73000000,71088.01000000,1128.17440000
2024-10-29 05:00:00,71088.00000000,71110.40000000,70886.59000000,71039.99000000,1131.77562000
2024-10-29 06:00:00,71039.99000000,71370.00000000,71006.00000000,71248.45000000,1502.77840000
2024-10-29 07:00:00,71248.46000000,71267.08000000,70837.83000000,71017.97000000,1627.98917000
2024-10-29 08:00:00,71017.96000000,71219.72000000,70974.00000000,71134.01000000,881.19294000
2024-10-29 09:00:00,71134.00000000,71344.00000000,71114.68000000,71301.42000000,968.21912000
2024-10-29 10:00:00,71301.42000000,71344.00000000,71078.67000000,71171.32000000,827.37173000
2024-10-29 11:00:00,71171.32000000,71578.95000000,71150.01000000,71452.01000000,1657.03998000
2024-10-29 12:00:00,71452.02000000,71500.00000000,71102.02000000,71108.01000000,1143.99738000
2024-10-29 13:00:00,71108.00000000,71825.75000000,70929.00000000,71804.00000000,2434.69356000
2024-10-29 14:00:00,71803.99000000,71983.00000000,71327.67000000,71867.09000000,3599.99870000
2024-10-29 15:00:00,71867.10000000,72429.99000000,71654.01000000,72402.01000000,4331.32016000
2024-10-29 16:00:00,72402.00000000,72923.74000000,72350.70000000,72739.44000000,4607.25360000
2024-10-29 17:00:00,72739.43000000,72990.00000000,72529.58000000,72721.50000000,2664.90624000
2024-10-29 18:00:00,72721.49000000,73250.00000000,72666.32000000,73170.01000000,2532.22293000
2024-10-29 19:00:00,73170.00000000,73620.12000000,72504.03000000,72536.16000000,4571.61324000
2024-10-29 20:00:00,72536.38000000,72670.47000000,71864.65000000,72336.22000000,2515.05927000
2024-10-29 21:00:00,72336.22000000,72612.27000000,72221.28000000,72289.98000000,749.13640000
2024-10-29 22:00:00,72289.97000000,72978.90000000,72192.03000000,72660.00000000,1029.06082000
2024-10-29 23:00:00,72659.99000000,72808.77000000,72516.56000000,72736.42000000,964.10695000
2024-10-30 00:00:00,72736.41000000,72785.72000000,72113.78000000,72289.99000000,991.64175000
2024-10-30 01:00:00,72289.99000000,72415.36000000,72000.01000000,72415.36000000,865.90573000
2024-10-30 02:00:00,72415.36000000,72634.50000000,72330.00000000,72342.99000000,791.25703000
2024-10-30 03:00:00,72342.99000000,72482.12000000,72171.47000000,72234.00000000,904.95499000
2024-10-30 04:00:00,72234.00000000,72350.00000000,72187.55000000,72282.00000000,607.31878000
2024-10-30 05:00:00,72281.99000000,72513.03000000,72268.00000000,72498.00000000,1032.61237000
2024-10-30 06:00:00,72498.00000000,72610.00000000,72306.31000000,72306.31000000,781.27626000
2024-10-30 07:00:00,72306.32000000,72445.63000000,72100.00000000,72227.99000000,644.66298000
2024-10-30 08:00:00,72227.99000000,72542.20000000,72211.59000000,72241.35000000,766.37279000
2024-10-30 09:00:00,72241.35000000,72588.00000000,72224.31000000,72576.01000000,669.47116000
2024-10-30 10:00:00,72576.02000000,72604.97000000,72369.00000000,72378.02000000,806.77509000
2024-10-30 11:00:00,72378.02000000,72378.02000000,71926.82000000,71983.99000000,1006.60850000
2024-10-30 12:00:00,71984.00000000,72140.34000000,71750.04000000,71862.17000000,1946.32423000
2024-10-30 13:00:00,71862.17000000,72100.00000000,71436.00000000,71966.00000000,2218.00998000
2024-10-30 14:00:00,71966.00000000,72470.00000000,71932.00000000,72411.79000000,2024.37063000
2024-10-30 15:00:00,72411.79000000,72440.00000000,71693.94000000,72061.34000000,1598.11480000
2024-10-30 16:00:00,72061.34000000,72197.50000000,71800.00000000,72110.86000000,1098.11079000
2024-10-30 17:00:00,72110.86000000,72126.00000000,71641.77000000,71894.72000000,699.54975000
2024-10-30 18:00:00,71894.73000000,72150.00000000,71851.57000000,71974.75000000,699.00200000
2024-10-30 19:00:00,71974.74000000,72060.00000000,71783.19000000,71822.01000000,805.15685000
2024-10-30 20:00:00,71822.01000000,72857.15000000,71644.19000000,72857.14000000,3307.50597000
2024-10-30 21:00:00,72857.14000000,72961.00000000,72112.70000000,72388.10000000,1305.51987000
2024-10-30 22:00:00,72388.10000000,72675.53000000,72252.00000000,72397.40000000,706.69763000
2024-10-30 23:00:00,72397.40000000,72700.00000000,72343.98000000,72344.74000000,608.77063000
2024-10-31 00:00:00,72344.75000000,72413.99000000,72052.98000000,72165.99000000,1010.24554000
2024-10-31 01:00:00,72165.99000000,72455.49000000,72030.08000000,72370.00000000,634.00593000
2024-10-31 02:00:00,72370.01000000,72588.00000000,72189.00000000,72553.01000000,728.10372000
2024-10-31 03:00:00,72553.01000000,72599.99000000,72293.01000000,72353.74000000,583.47158000
2024-10-31 04:00:00,72353.75000000,72380.91000000,72224.38000000,72273.99000000,532.75988000
2024-10-31 05:00:00,72273.99000000,72384.17000000,72207.85000000,72282.00000000,464.23150000
2024-10-31 06:00:00,72282.01000000,72320.64000000,72152.00000000,72212.12000000,669.03855000
2024-10-31 07:00:00,72212.13000000,72478.00000000,72150.00000000,72417.19000000,634.52539000
2024-10-31 08:00:00,72417.19000000,72452.00000000,72149.79000000,72276.05000000,672.13547000
2024-10-31 09:00:00,72276.06000000,72397.78000000,72253.55000000,72304.70000000,542.01550000
2024-10-31 10:00:00,72304.70000000,72700.00000000,72222.77000000,72639.27000000,931.04054000
2024-10-31 11:00:00,72639.28000000,72660.00000000,72222.00000000,72226.00000000,984.02992000
2024-10-31 12:00:00,72226.00000000,72276.00000000,71966.00000000,72114.00000000,1326.92001000
2024-10-31 13:00:00,72114.00000000,72178.60000000,71110.00000000,71308.00000000,2477.47738000
2024-10-31 14:00:00,71308.00000000,71386.00000000,70624.01000000,70752.02000000,3934.50715000
2024-10-31 15:00:00,70752.01000000,71060.00000000,70431.77000000,70620.00000000,2652.44860000
2024-10-31 16:00:00,70620.01000000,70949.51000000,70355.93000000,70403.58000000,2149.23423000
2024-10-31 17:00:00,70403.59000000,70803.12000000,70359.00000000,70785.28000000,1208.41275000
2024-10-31 18:00:00,70785.28000000,70787.88000000,70106.20000000,70633.67000000,1423.95498000
2024-10-31 19:00:00,70633.67000000,70750.00000000,70036.00000000,70092.07000000,1205.92036000
2024-10-31 20:00:00,70092.07000000,70299.44000000,69685.76000000,70026.73000000,2110.54484000
2024-10-31 21:00:00,70026.74000000,70541.52000000,69856.04000000,70442.39000000,924.50362000
2024-10-31 22:00:00,70442.39000000,70543.98000000,70174.09000000,70480.00000000,702.79368000
2024-10-31 23:00:00,70479.99000000,70654.76000000,70292.00000000,70292.01000000,849.78185000
2024-11-01 00:00:00,70292.01000000,70470.00000000,70146.80000000,70173.73000000,840.45290000
2024-11-01 01:00:00,70173.72000000,70360.00000000,69313.74000000,69402.01000000,2171.71390000
2024-11-01 02:00:00,69402.00000000,69600.00000000,68830.00000000,69579.89000000,2802.10218000
2024-11-01 03:00:00,69579.89000000,69714.45000000,69334.00000000,69369.99000000,921.81357000
2024-11-01 04:00:00,69369.99000000,69623.99000000,69342.01000000,69592.00000000,670.40870000
2024-11-01 05:00:00,69592.00000000,69670.90000000,69526.00000000,69609.29000000,441.90421000
2024-11-01 06:00:00,69609.28000000,69699.14000000,69212.12000000,69212.13000000,1307.31559000
2024-11-01 07:00:00,69212.13000000,69420.13000000,69080.00000000,69273.70000000,1420.50492000
2024-11-01 08:00:00,69273.70000000,69538.00000000,69237.26000000,69376.10000000,882.41902000
2024-11-01 09:00:00,69376.10000000,69588.00000000,69324.00000000,69534.90000000,486.09866000
2024-11-01 10:00:00,69534.90000000,70156.00000000,69524.28000000,69989.65000000,1759.86747000
2024-11-01 11:00:00,69989.64000000,70228.00000000,69987.77000000,70002.01000000,1130.24211000
2024-11-01 12:00:00,70002.01000000,70467.65000000,69897.02000000,70354.87000000,1876.81718000
2024-11-01 13:00:00,70354.86000000,71220.00000000,70142.00000000,71200.44000000,2985.26242000
2024-11-01 14:00:00,71200.43000000,71632.95000000,70912.60000000,71271.17000000,3312.24710000
2024-11-01 15:00:00,71271.17000000,71360.00000000,69044.00000000,69387.77000000,4408.92622000
2024-11-01 16:00:00,69387.78000000,70515.16000000,69352.00000000,69920.73000000,2872.61732000
2024-11-01 17:00:00,69920.72000000,70181.83000000,69475.00000000,69586.01000000,2260.11920000
2024-11-01 18:00:00,69586.01000000,69636.37000000,69066.07000000,69151.66000000,1455.45627000
2024-11-01 19:00:00,69151.66000000,69454.00000000,68820.14000000,69268.00000000,2134.07040000
2024-11-01 20:00:00,69268.00000000,69460.00000000,69168.60000000,69248.95000000,722.65352000
2024-11-01 21:00:00,69248.95000000,69358.77000000,68854.50000000,69263.99000000,702.31597000
2024-11-01 22:00:00,69264.00000000,69455.95000000,69234.00000000,69440.01000000,381.96835000
2024-11-01 23:00:00,69440.01000000,69627.00000000,69364.00000000,69496.01000000,354.57037000
2024-11-02 00:00:00,69496.00000000,69675.92000000,69479.91000000,69665.99000000,598.79838000
2024-11-02 01:00:00,69665.99000000,69696.97000000,69506.72000000,69668.10000000,366.28930000
2024-11-02 02:00:00,69668.10000000,69914.37000000,69655.47000000,69661.96000000,612.69586000
2024-11-02 03:00:00,69661.95000000,69787.74000000,69563.22000000,69599.99000000,311.19594000
2024-11-02 04:00:00,69599.99000000,69627.90000000,69468.05000000,69568.00000000,320.13500000
2024-11-02 05:00:00,69568.00000000,69727.28000000,69446.00000000,69710.00000000,291.01338000
2024-11-02 06:00:00,69709.99000000,69748.16000000,69576.32000000,69744.86000000,275.27943000
2024-11-02 07:00:00,69744.86000000,69823.94000000,69682.00000000,69813.91000000,411.71980000
2024-11-02 08:00:00,69813.91000000,69838.62000000,69580.81000000,69630.95000000,301.05421000
2024-11-02 09:00:00,69630.95000000,69670.00000000,69510.91000000,69558.86000000,348.41823000
2024-11-02 10:00:00,69558.86000000,69628.00000000,69417.88000000,69623.63000000,359.11695000
2024-11-02 11:00:00,69623.63000000,69701.68000000,69576.00000000,69608.00000000,271.01091000
2024-11-02 12:00:00,69608.00000000,69680.00000000,69390.09000000,69459.05000000,484.74954000
2024-11-02 13:00:00,69459.05000000,69711.59000000,69358.87000000,69365.99000000,916.02900000
2024-11-02 14:00:00,69366.00000000,69437.85000000,69000.14000000,69263.48000000,1275.86887000
2024-11-02 15:00:00,69263.49000000,69450.01000000,69139.90000000,69393.17000000,688.48363000
2024-11-02 16:00:00,69393.18000000,69616.00000000,69321.99000000,69587.98000000,509.52438000
2024-11-02 17:00:00,69587.98000000,69600.00000000,69340.00000000,69401.99000000,407.60708000
2024-11-02 18:00:00,69401.99000000,69481.48000000,69215.00000000,69422.93000000,370.18861000
2024-11-02 19:00:00,69422.94000000,69562.00000000,69384.00000000,69510.00000000,266.19778000
2024-11-02 20:00:00,69510.00000000,69571.99000000,69462.29000000,69540.00000000,193.44987000
2024-11-02 21:00:00,69539.99000000,69560.00000000,69442.00000000,69442.00000000,139.60191000
2024-11-02 22:00:00,69442.01000000,69550.68000000,69363.08000000,69434.00000000,212.73359000
2024-11-02 23:00:00,69434.00000000,69446.00000000,69149.00000000,69374.74000000,590.51078000
2024-11-03 00:00:00,69374.74000000,69391.00000000,69159.76000000,69159.76000000,464.82077000
2024-11-03 01:00:00,69159.77000000,69225.03000000,69000.21000000,69010.13000000,876.36609000
2024-11-03 02:00:00,69010.14000000,69028.72000000,67864.16000000,68214.91000000,3555.86884000
2024-11-03 03:00:00,68214.91000000,68454.55000000,68018.79000000,68379.89000000,949.35350000
2024-11-03 04:00:00,68379.90000000,68696.97000000,68303.99000000,68592.01000000,650.51560000
2024-11-03 05:00:00,68592.00000000,68693.99000000,68428.54000000,68432.00000000,438.34921000
2024-11-03 06:00:00,68432.00000000,68771.58000000,68400.00000000,68569.99000000,421.89741000
2024-11-03 07:00:00,68570.00000000,68703.68000000,68379.90000000,68397.42000000,450.87968000
2024-11-03 08:00:00,68397.42000000,68603.58000000,68299.62000000,68480.01000000,714.31316000
2024-11-03 09:00:00,68480.01000000,68527.78000000,68200.01000000,68242.43000000,552.69928000
2024-11-03 10:00:00,68242.43000000,68571.94000000,68242.42000000,68441.99000000,734.03417000
2024-11-03 11:00:00,68442.00000000,68589.50000000,68316.52000000,68358.86000000,459.75688000
2024-11-03 12:00:00,68358.86000000,68560.00000000,68269.70000000,68486.05000000,553.72691000
2024-11-03 13:00:00,68486.04000000,68504.92000000,67972.00000000,68048.13000000,1341.51178000
2024-11-03 14:00:00,68048.13000000,68187.50000000,67588.61000000,67777.00000000,2264.76320000
2024-11-03 15:00:00,67776.99000000,68222.00000000,67478.73000000,68090.90000000,1882.77785000
2024-11-03 16:00:00,68090.91000000,68547.98000000,68054.00000000,68152.01000000,2124.00690000
2024-11-03 17:00:00,68152.00000000,68482.00000000,68132.16000000,68359.98000000,734.59969000
2024-11-03 18:00:00,68359.98000000,68446.00000000,67667.21000000,68018.00000000,1154.16433000
2024-11-03 19:00:00,68018.00000000,68693.81000000,68000.00000000,68679.00000000,798.46087000
2024-11-03 20:00:00,68679.00000000,68979.76000000,68499.90000000,68970.07000000,1066.32736000
2024-11-03 21:00:00,68970.06000000,69358.00000000,68966.65000000,69145.35000000,1294.60741000
2024-11-03 22:00:00,69145.35000000,69301.00000000,68784.10000000,68880.01000000,560.07952000
2024-11-03 23:00:00,68880.00000000,68915.00000000,68492.82000000,68775.99000000,951.82202000
2024-11-04 00:00:00,68775.99000000,68775.99000000,68240.61000000,68712.00000000,861.93595000
2024-11-04 01:00:00,68712.00000000,69037.03000000,68568.00000000,68970.01000000,972.75822000
2024-11-04 02:00:00,68970.00000000,69338.58000000,68882.00000000,69305.56000000,932.17697000
2024-11-04 03:00:00,69305.55000000,69500.00000000,69004.00000000,69047.86000000,764.94770000
2024-11-04 04:00:00,69047.86000000,69401.55000000,69047.85000000,69150.31000000,561.18813000
2024-11-04 05:00:00,69150.30000000,69177.37000000,68699.90000000,68820.01000000,717.81186000
2024-11-04 06:00:00,68820.01000000,69170.01000000,68820.00000000,69126.18000000,720.61568000
2024-11-04 07:00:00,69126.18000000,69175.97000000,68618.00000000,68618.00000000,753.64248000
2024-11-04 08:00:00,68618.00000000,68755.24000000,68470.00000000,68699.99000000,805.29507000
2024-11-04 09:00:00,68699.98000000,68924.00000000,68480.01000000,68640.83000000,840.07280000
2024-11-04 10:00:00,68640.83000000,68921.28000000,68602.00000000,68834.05000000,772.27691000
2024-11-04 11:00:00,68834.04000000,69036.00000000,68700.00000000,68792.71000000,644.03695000
2024-11-04 12:00:00,68792.72000000,69019.16000000,68739.90000000,68978.20000000,794.13164000
2024-11-04 13:00:00,68978.19000000,69264.52000000,68650.00000000,68662.39000000,1434.89991000
2024-11-04 14:00:00,68662.39000000,68722.00000000,68202.99000000,68394.01000000,2513.64508000
2024-11-04 15:00:00,68394.01000000,68758.00000000,68234.00000000,68646.01000000,1760.22137000
2024-11-04 16:00:00,68646.01000000,68814.32000000,67613.91000000,67756.00000000,2633.47611000
2024-11-04 17:00:00,67756.00000000,67934.39000000,67251.50000000,67830.00000000,2315.76983000
2024-11-04 18:00:00,67830.00000000,68098.05000000,67535.96000000,67651.81000000,1126.90863000
2024-11-04 19:00:00,67651.81000000,68100.00000000,67642.07000000,67856.00000000,946.44978000
2024-11-04 20:00:00,67856.01000000,67856.01000000,67316.00000000,67348.00000000,1313.58853000
2024-11-04 21:00:00,67347.99000000,67622.00000000,66835.00000000,67120.57000000,2909.11716000
2024-11-04 22:00:00,67120.56000000,68106.07000000,67059.90000000,67920.01000000,1854.74227000
2024-11-04 23:00:00,67920.00000000,68030.00000000,67639.90000000,67850.01000000,850.68284000
2024-11-05 00:00:00,67850.01000000,68180.00000000,67788.00000000,68030.00000000,1005.35361000
2024-11-05 01:00:00,68030.00000000,68097.07000000,67476.63000000,67997.31000000,1419.80695000
2024-11-05 02:00:00,67997.32000000,68075.48000000,67830.00000000,67880.77000000,561.13281000
2024-11-05 03:00:00,67880.78000000,67966.99000000,67880.00000000,67966.99000000,15.71745000
